{
  "n_all": 1500,
  "available": 1125,
  "n_dropped": 0,
  "epsilon": 1.0,
  "delta": 0.01,
  "rho": 0.10341283143348314,
  "implied_mu": 0.4547808954507283,
  "theory_mu": 0.5325166485031232,
  "audit_seed": 13,
  "default_config": {
    "classifier": "xgboost",
    "threshold_mode": "quantiles",
    "n_thresholds": 80,
    "threshold_selection": "max_advantage",
    "ci_method": "joint_beta",
    "alpha": 0.1
  },
  "main": {
    "split": {
      "n_train": 450,
      "n_valid": 225,
      "n_test": 450
    },
    "mu_emp": 0.39310353787323915,
    "mu_hat": 0.41540575118866074,
    "FPR": 0.4311111111111111,
    "FNR": 0.40444444444444444,
    "advantage": 0.1644444444444444,
    "auc_test": 0.6163654320987655,
    "auc_valid": 0.540404938271605,
    "opt_threshold": 0.4944603033277826
  },
  "valid_curve": {
    "thresholds": [
      0.1067602648251706,
      0.18150176756057843,
      0.20334200229703334,
      0.22591809296379525,
      0.24052599960438842,
      0.25696986586725185,
      0.26912309093489045,
      0.28132490639987406,
      0.3081380285224639,
      0.3167650949279464,
      0.32289194858453457,
      0.3311651634943554,
      0.3391669143527653,
      0.34543633553307057,
      0.3512482045220848,
      0.36069489816991257,
      0.3678738446516026,
      0.3703020393249523,
      0.37673765205927423,
      0.3892740692337995,
      0.39101509576688354,
      0.3951042423705932,
      0.3973573452734623,
      0.3998692687096428,
      0.40221454653104016,
      0.406296145465988,
      0.4088490044611189,
      0.41312801875103544,
      0.42560623623965155,
      0.43193963479746905,
      0.4395556472808281,
      0.4447336001988034,
      0.4518293701064439,
      0.4569194309693269,
      0.4646078214012767,
      0.46931262437842497,
      0.4742892592241273,
      0.4787405936432222,
      0.49116495109299624,
      0.4944603033277826,
      0.4984230087313491,
      0.5037911229146967,
      0.5087302035011629,
      0.516204511054795,
      0.5200317522315676,
      0.5282974625882363,
      0.5330308200681125,
      0.538127420355657,
      0.5428695771477609,
      0.5494549984261167,
      0.5529619423115444,
      0.5565002063654418,
      0.5607785095476597,
      0.5650782070883557,
      0.57528982350837,
      0.5853561951698055,
      0.59064882038718,
      0.5986805608991146,
      0.6009586403078327,
      0.6059886936621929,
      0.612646238221984,
      0.6185088846842292,
      0.6252827605980088,
      0.637952810310967,
      0.6476334172634565,
      0.6556165733711544,
      0.6647311037884729,
      0.6753911827356189,
      0.6846643703224443,
      0.6951169225483944,
      0.699053970607179,
      0.7082169021068966,
      0.7290587246150957,
      0.7401951660343696,
      0.7583550857999316,
      0.7677212203029563,
      0.7889971442997539,
      0.8082187123232886,
      0.8362748497111302,
      0.9411686278226608
    ],
    "FPR": [
      1.0,
      0.9866666666666667,
      0.9644444444444444,
      0.9422222222222222,
      0.9333333333333333,
      0.9288888888888889,
      0.9155555555555556,
      0.8977777777777778,
      0.88,
      0.8711111111111111,
      0.8622222222222222,
      0.8488888888888889,
      0.8311111111111111,
      0.8088888888888889,
      0.8044444444444444,
      0.7911111111111111,
      0.7822222222222223,
      0.7644444444444445,
      0.7511111111111111,
      0.7422222222222222,
      0.7288888888888889,
      0.72,
      0.6977777777777778,
      0.68,
      0.6666666666666666,
      0.6488888888888888,
      0.64,
      0.6222222222222222,
      0.6088888888888889,
      0.6,
      0.5911111111111111,
      0.5688888888888889,
      0.56,
      0.5511111111111111,
      0.5377777777777778,
      0.5288888888888889,
      0.5111111111111111,
      0.5022222222222222,
      0.4888888888888889,
      0.4622222222222222,
      0.4533333333333333,
      0.4444444444444444,
      0.43555555555555553,
      0.4222222222222222,
      0.4088888888888889,
      0.4,
      0.38666666666666666,
      0.37333333333333335,
      0.36,
      0.3466666666666667,
      0.3377777777777778,
      0.3333333333333333,
      0.3111111111111111,
      0.30666666666666664,
      0.29333333333333333,
      0.27555555555555555,
      0.2577777777777778,
      0.24444444444444444,
      0.24,
      0.2311111111111111,
      0.21777777777777776,
      0.20444444444444446,
      0.19555555555555557,
      0.18222222222222223,
      0.17777777777777778,
      0.16444444444444445,
      0.15555555555555556,
      0.14222222222222222,
      0.13777777777777778,
      0.1288888888888889,
      0.1111111111111111,
      0.09777777777777778,
      0.08888888888888889,
      0.08,
      0.07111111111111111,
      0.06222222222222222,
      0.05333333333333334,
      0.03111111111111111,
      0.013333333333333334,
      0.0
    ],
    "FNR": [
      0.0,
      0.013333333333333334,
      0.017777777777777778,
      0.022222222222222223,
      0.035555555555555556,
      0.057777777777777775,
      0.07111111111111111,
      0.07555555555555556,
      0.08444444444444445,
      0.10222222222222223,
      0.11555555555555555,
      0.1288888888888889,
      0.13777777777777778,
      0.13777777777777778,
      0.16,
      0.17333333333333334,
      0.18666666666666668,
      0.19555555555555557,
      0.2088888888888889,
      0.2222222222222222,
      0.23555555555555555,
      0.25333333333333335,
      0.2577777777777778,
      0.26222222222222225,
      0.27555555555555555,
      0.28444444444444444,
      0.29777777777777775,
      0.30666666666666664,
      0.32,
      0.3333333333333333,
      0.3511111111111111,
      0.35555555555555557,
      0.3688888888888889,
      0.38666666666666666,
      0.4,
      0.41333333333333333,
      0.4222222222222222,
      0.44,
      0.4488888888888889,
      0.4488888888888889,
      0.4666666666666667,
      0.48444444444444446,
      0.49777777777777776,
      0.5111111111111111,
      0.5244444444444445,
      0.5377777777777778,
      0.5511111111111111,
      0.5644444444444444,
      0.5733333333333334,
      0.5866666666666667,
      0.6044444444444445,
      0.6222222222222222,
      0.6266666666666667,
      0.6488888888888888,
      0.6577777777777778,
      0.6666666666666666,
      0.6755555555555556,
      0.6844444444444444,
      0.7066666666666667,
      0.7244444444444444,
      0.7377777777777778,
      0.7466666666666667,
      0.7644444444444445,
      0.7777777777777778,
      0.7955555555555556,
      0.8088888888888889,
      0.8266666666666667,
      0.8355555555555556,
      0.8577777777777778,
      0.8755555555555555,
      0.88,
      0.8933333333333333,
      0.9111111111111111,
      0.9244444444444444,
      0.9422222222222222,
      0.96,
      0.9733333333333334,
      0.9777777777777777,
      0.9866666666666667,
      0.9955555555555555
    ],